Score,Attendance (%),Passed
74.96714153011233,58.37412911295349,1
68.61735698828815,55.228392016720015,1
76.47688538100692,81.82151247718184,1
85.23029856408026,85.32378632434506,1
67.65846625276664,51.5793072412821,0
67.6586304305082,96.81061231218449,1
85.79212815507391,52.59856418257362,1
77.67434729152909,77.06481676505352,1
65.30525614065049,85.45302597254582,0
75.42560043585965,93.54845618730428,1
65.36582307187538,85.70434660662139,1
65.34270246429743,90.08640415348958,1
72.41962271566034,66.97250962714031,1
50.86719755342202,90.7412556873256,1
52.75082167486967,54.00574231923376,1
64.37712470759027,94.74083280302638,0
59.87168879665576,77.37961880768681,1
73.14247332595274,90.86488849812469,1
60.91975924478789,72.615914225915,0
55.87696298664709,82.17888475982625,1
84.65648768921554,76.32013304680567,1
67.74223699513465,86.5794760877666,1
70.67528204687923,54.08149910152948,1
55.75251813786544,53.01760419952819,1
64.55617275474818,62.355161700507324,0
71.10922589709867,57.97723400565942,1
58.490064225776976,93.58917832961009,1
73.75698018345672,60.960699367902215,1
63.99361310081195,98.79326279095656,0
67.08306250206724,66.84478958855534,0
63.98293387770603,59.10589578443496,0
88.52278184508938,89.48492535712396,1
69.86502775262066,82.9353887750438,1
59.422890710440996,74.90978582265694,1
78.22544912103189,77.76817754688156,1
57.791563500289776,85.96008891361319,1
72.08863595004756,61.422737066564935,1
50.403298761202244,99.8166958028371,1
56.71813951101569,98.73965810733915,1
71.96861235869123,82.51628431734684,1
77.3846657999541,59.97712254645725,1
71.7136828118997,84.01141212156458,1
68.8435171761176,53.60992044895879,1
66.98896304410711,51.532625110290304,1
55.214780096325725,62.884144425560685,1
62.801557916052914,73.13114783696582,1
65.39361229040213,93.41362527041903,1
80.57122226218915,86.3584534883154,1
73.43618289568461,87.13532605999904,0
52.36959844637266,71.27466672240377,1
73.24083969394795,67.29674962734815,1
66.14917719583684,68.55193814923014,1
63.23077999694041,99.3824781868029,1
76.11676288840867,52.005459570624126,1
80.30999522495951,93.35157480612243,1
79.31280119116198,78.93377042861967,0
61.607824767773614,71.93077095947953,1
66.90787624148786,86.26288302075682,0
73.31263431403563,74.33344707123514,1
79.75545127122359,93.67116190408302,1
65.2082576215471,95.03509320056293,0
68.14341023336183,71.08604634367276,1
58.93665025993972,63.841389861752575,1
58.037933759193294,79.61751642966811,1
78.12525822394198,95.61816728083454,1
83.56240028570824,60.53310945028333,1
69.27989878419666,81.14832917817414,1
80.03532897892023,81.57801100462603,1
73.61636025047635,86.65565112076405,1
63.54880245394876,56.57838425636299,1
73.61395605508415,85.79124823410443,1
85.38036566465969,95.45162603328205,1
69.64173960890048,58.984155443512094,1
85.64643655814007,61.87716624619388,1
43.80254895910255,98.56975470208198,1
78.21902504375224,59.04884763547449,0
70.87047068238171,92.71925466847895,1
67.00992649534132,74.61389282240174,1
70.91760776535503,62.36155372015885,1
50.124310853991076,93.53749506362557,1
67.80328112162488,72.26526275013327,1
73.57112571511746,75.74086769648451,1
84.77894044741517,67.96166846998828,1
64.81729781726352,79.64754257174637,1
61.91506397106812,58.17619362925114,0
64.98242956415463,69.55407683258804,0
79.15402117702074,98.47061611676438,0
73.28751109659684,62.90667163505638,1
64.70239796232961,82.8368332270646,1
75.13267433113356,66.25950321123474,1
70.9707754934804,88.67365628433004,1
79.68644990532889,56.54368303591749,1
62.979469061226474,98.49105225392724,1
66.72337853402232,72.68947706918196,1
66.07891846867842,61.8025231673232,1
55.364850518678814,53.67483736650063,1
72.96120277064576,58.48789525437704,1
72.6105527217989,75.98869742780089,1
70.05113456642461,66.85015882156432,0
67.65412866624852,91.44416829413046,1
55.84629257949586,71.5443761830903,1
65.79354677234642,62.435713629381496,1
66.57285483473231,80.8572493302015,1
61.97722730778381,85.33886084427229,1
68.3871428833399,58.35209539504749,1
74.04050856814538,58.380960814415886,1
88.8618590121053,51.83357134667715,1
71.74577812831839,86.82010075328202,1
72.57550390722764,83.19022638109026,1
69.25554084233833,73.7315437874907,1
50.812287847009586,92.20852244845986,1
69.73486124550783,90.28350764750266,1
70.60230209941027,79.2677182198376,0
94.63242112485287,93.41356402566294,1
68.07639035218878,60.292060501838414,1
73.01547342333612,55.5959809698864,1
69.65288230294756,63.48748057584948,1
58.31321962380468,52.854342804465745,1
81.4282281451502,76.5584764000516,1
77.51933032686775,96.83028461474808,0
77.91031947043047,51.967177033425486,1
60.906125452052606,56.105495700501336,1
84.02794310936099,72.60995141417176,1
55.98148937207719,96.69375087639524,1
75.8685709380027,65.80780524883752,1
91.90455625809979,75.36174043441963,1
60.09463674869312,52.0786429525196,1
64.33702270397228,57.41716004810444,1
70.99651365087641,99.33150614794235,1
64.965243458838,98.25593482180227,0
54.493365689338674,50.24699904672048,1
70.68562974806028,97.59058927116195,0
59.37696286273895,81.95599689077503,1
74.73592430635182,93.39591472600111,0
60.80575765766197,72.73699278169295,1
85.4993440501754,75.77980142896251,0
62.16746707663763,74.44232901284602,0
66.77938483794324,83.34321287730522,1
78.1351721736967,56.98256273781564,0
57.69135683566045,51.4986794936339,1
72.2745993460413,65.39649707955954,1
83.07142754282428,85.23403813683234,1
53.92516765438772,60.09267260614742,1
71.84633858532304,83.67162166624587,1
72.59882794248423,98.49560230536352,1
77.81822871777311,54.69503578947092,1
57.63049289121918,83.63010591125632,1
56.795433869157236,72.18751096522855,0
75.21941565616898,93.40711271887527,1
72.96984673233186,58.857489472369295,1
72.50492850345877,84.63129761130823,1
73.46448209496975,91.90576448240552,1
63.19975278421509,97.23071097370116,1
72.32253697161003,84.16240141448229,1
72.93072473298682,74.85873820042136,1
62.85648581973632,80.8923620100607,0
88.65774511144757,93.44524922393592,1
74.73832920911788,78.53048733194149,1
58.08696502797351,51.519352984841845,1
76.5655360863383,96.54743477534889,1
60.253183297726785,84.47633755157806,1
77.87084603742451,83.82566928886233,1
81.58595579007404,60.78375761988586,1
61.7931768164829,82.94427351163286,1
79.63376129244321,69.69322028270793,0
74.12780926936499,82.5616488520746,0
78.2206015999449,55.32965151539953,1
88.96792982653947,82.89226523015179,1
67.5461188399713,99.97068628853333,1
62.4626383564251,52.4106019430278,1
61.10485570374477,98.85870921106587,1
61.841897150345616,70.34539803614354,1
69.22898290585896,93.53767251686295,1
73.41151974816644,89.11927420291367,1
72.7669079933002,78.3508130493334,1
78.27183249036024,86.92246046256633,0
70.13001891877907,93.92577806506739,0
84.53534077157317,70.20701608255165,1
67.35343166762044,66.35165807816193,1
97.20169166589619,83.37966927817924,0
76.25667347765007,90.39229709706294,1
61.42842443583717,88.11425673883079,1
59.29107501938888,89.89068244293173,1
74.82472415243186,71.77916574064665,1
67.7653721467415,90.89171080875107,1
77.14000494092092,56.01045276853042,0
74.73237624573545,77.22445489804248,0
69.27171087343127,50.28793302490608,1
61.532062819315954,66.22929149501351,1
54.851527753141355,68.32307674356989,0
65.53485047932979,69.80863458046277,1
78.56398794323472,84.7733603344931,0
72.14093744130204,69.42790506351729,1
57.542612212880115,72.43468113112652,1
71.73180925851182,61.87720654371637,1
73.85317379728836,68.662589581467,1
61.16142563798867,61.363481363157575,1
71.53725105945527,53.659796188422185,1
70.58208718446,80.17242966906889,1
58.57029702169377,83.41063992775082,1
73.57787360348283,80.97451730048073,1
75.60784526368235,73.17470219002863,0
80.83051243175277,68.98928900896149,0
80.53802052034902,93.16668247859127,1
56.22330632042909,75.9540892568109,0
60.62174960084877,73.95909388148655,1
75.1503526720866,51.282103290321785,1
75.1378595091221,67.06239138130782,0
75.15047686306048,69.00978093929285,1
100.0,69.94113904484502,1
75.70890510693167,79.00861846136661,0
81.35565640180599,76.68012733634393,1
79.54001763493203,80.39525463967223,0
76.51391251305797,88.2441630771064,0
66.84730755359655,90.64928693580467,1
77.58969220493267,85.90615381132471,0
62.27174785462428,97.77618479774674,1
67.63181393259991,50.91162913381808,1
65.14636452170896,59.788899284177305,1
70.81874139386322,50.37814374890711,0
93.14658566673509,82.37373570773015,1
51.32734807408252,94.90152744749935,1
76.86260190374513,62.174114828814965,1
53.87284128810349,96.35172723981533,1
65.28068134210567,53.01336951447804,1
80.88950596967366,96.72180134027572,1
70.64280019095463,67.58113436198173,1
59.22255222070694,55.07104142246082,1
62.84696290740032,74.29358795931628,0
76.79597748934675,62.8388283860254,1
62.69633368282864,64.24364509809614,1
72.16458589581976,65.36449824631433,0
70.45571839903813,90.15129489163317,1
63.483996523941826,76.95806383376272,0
91.43944089325325,65.56538495780018,1
76.33919022318011,80.51668916554593,0
49.74857413342393,85.80753371115968,1
71.86454314769428,63.63120003667669,1
63.38213535231612,70.67745507626758,1
78.52433334796224,56.09430466684738,0
62.07479261567299,59.05746747673402,1
68.85263558533102,84.05589269824914,1
75.04987278980457,59.071917384781344,1
78.65755194170121,76.258169183353,1
57.997035929442234,85.45231308612163,1
66.65498764159051,55.34384615473719,1
65.25054688839043,78.36561098144517,0
63.46670767426288,62.82813918506819,1
87.65454240281096,98.146343761879,1
74.04981710960955,74.17728233599624,1
57.391160456649544,90.2996274887579,1
79.17861947054776,77.51132710781309,1
91.22156197012633,52.170626642740956,1
80.32465260551147,81.65756877970111,1
54.80630034045987,97.57016711033285,1
65.15765927133748,80.08059100731656,1
82.66911149186623,90.95944297133951,0
62.92330534381219,94.2103231674204,0
74.43819428146229,61.40398859744663,1
77.74634053429337,60.60224199541133,0
60.730695284219166,80.54904944254959,1
69.404746439382,70.55142349033524,1
37.58732659930927,91.99306514333603,1
59.756123586657104,95.00115616990055,1
67.4743184860684,67.6710689651359,1
57.52216818035151,61.8435279487241,1
86.32411303931636,89.0262757621931,1
55.69858622039367,63.740301777406806,1
65.59955513303017,91.13071592568392,1
71.30740577286092,71.18691268243813,1
84.41273289066116,83.37749496457351,1
55.6413784882056,54.77676569173341,1
81.63163752154959,81.19296623382866,0
70.10233061019586,72.58838393686145,0
60.18491348952049,79.3304231587737,1
74.6210347426327,58.40071038724317,0
71.9905969557347,86.8436872472091,1
63.99783122841205,93.13985387716143,1
70.69802084990019,60.836990004538784,1
66.14686403138239,54.78572777600809,1
71.13517345251248,51.18192930231682,0
76.62130674521046,82.0985750221633,1
85.86016816145352,80.35470180443903,1
57.62184501173151,77.33487063570351,1
91.33033374656267,61.59735480579877,1
50.47912200477498,69.54529979527574,0
68.48214904964416,79.72381675930865,1
75.88317206484577,74.83834294295846,1
72.80991867735032,99.38927601074437,1
63.77300480179406,56.821987627836656,1
67.91877749642725,84.75722770237968,1
65.06999065341168,70.21593840521462,1
64.10635243055789,71.40998074628074,1
78.49602097021025,85.87988828290881,1
73.57015485965047,84.62180756621848,0
63.070904047393455,99.56279968510941,0
78.9959987543325,56.41971447270626,1
73.07299520876609,55.20548246920832,1
78.1286211883896,86.21694085643705,1
76.29628841923612,78.91934585032045,1
61.710049890779274,63.70803332799029,1
64.3981895980303,53.97096844944933,1
77.47293605123262,54.282912479821526,1
76.10370265433465,94.70954373320592,1
69.79098406035853,59.59336623593715,1
71.17327383308782,66.16857810577604,1
82.77664895788425,61.3328201113494,1
64.0842861116417,67.74981529159686,1
75.47097381170038,53.47119213730467,1
67.97807347566106,75.95298954541352,1
67.82318796772779,53.380628179610746,1
80.9877685198719,90.01782539111808,1
78.2541634898803,61.685604095521654,1
78.13509636000639,77.00059573022553,1
83.05478807154329,94.0039543780729,0
70.21003841632759,82.5438684523597,1
76.81952971294965,76.64788932756676,1
66.89733243406543,66.21668765576878,1
73.24166352488442,66.6500956529099,1
68.69856945632316,83.4743477599095,1
70.96995964992718,99.70696806105838,1
75.95157025436913,83.09195949246893,1
61.81779316766527,77.88917086850125,0
90.9238727568546,86.5325255119623,1
59.93982618500298,73.26028061418592,1
57.85811387212268,53.00711713003926,0
81.58110873500068,78.1148407938955,1
77.91662693962935,97.881264225269,0
76.24119817052156,58.76514711788298,1
76.2834550926428,84.50024454103328,0
69.87753227153085,60.04668443295282,1
61.02745628514168,76.79138422365406,1
70.75804558193727,54.83382248233598,1
63.22838288487888,72.51854681290925,1
79.7511973341775,87.8081664447623,1
68.52942618497862,67.37857621194911,1
61.745028032074885,83.24558622436089,1
66.78614158347007,89.77249803948646,1
74.12931454275625,96.35889097397263,1
64.36275447196026,61.73210409277267,1
61.77779604433569,69.9657957904654,0
72.43687211491913,57.62080066652087,1
72.44966571108722,99.62417510791876,0
64.9305682462887,96.35004839621476,1
65.28961694381677,76.99785651402797,1
72.32049937357637,92.10166471882107,1
55.51915658502676,76.04789886360211,1
55.92536225623445,81.17928440013799,1
62.81555778747564,54.456221605800835,1
67.86552848288153,87.7635210248404,1
73.10907565598005,56.38567418176174,0
84.75356216949552,91.30338151262642,1
78.5765962320202,89.1014043835193,1
68.40061470036574,85.43723488714882,1
69.80983792097311,51.80801902623811,1
59.97470635362191,65.15641779726643,1
69.8148686400761,63.155628495542146,1
67.11341361079862,68.00682037357595,1
73.22718560338089,54.382137338191924,1
61.727690564476774,96.84789115155314,1
75.19346514241172,77.69011203561881,0
85.32738913002578,65.27621553290118,0
68.91239851543142,69.84907585371417,1
74.01711722098942,72.36012702524178,1
76.90143991711112,80.02971666803086,1
65.98779528114164,75.7839713848249,0
72.24092481810416,95.96959866072086,1
70.12592400781794,74.84817414529151,1
70.97676098548831,99.60790074116564,1
62.26990216144534,92.57124788725478,1
70.24510174258943,60.42552571786679,1
74.9799829124545,96.52976073219581,1
84.51143607795042,55.818319894273806,1
79.59270826085206,90.87248542455958,1
91.53182457511556,69.03116467382901,1
62.326524371119504,93.89871602225347,1
78.72320636720679,93.40283450537251,1
71.83342005738352,90.29627000588106,1
91.89802933217672,89.50152181535307,0
61.91701714644849,65.23395695490204,1
61.602781578192236,54.04596415256261,1
64.00607354555977,70.14900893825808,1
48.76104275690193,58.67622574932543,1
64.74244978319238,84.74755444512309,1
62.40867338446302,67.30498632688928,1
71.50393786476208,98.78051004299574,0
73.4175597577716,82.04860386726659,1
88.76170839215887,91.12402818171805,1
79.5042383818605,56.62623363709242,1
64.23096344337597,93.10072411363113,1
61.01585328651642,96.13785952566971,1
74.91919171506505,74.35309594094679,1
56.797667929793576,80.31264688754888,1
88.31458765854353,88.24049004514977,1
81.79440120721287,58.741931363020626,1
65.30824347895295,75.12830382317212,1
52.868654709091224,69.93315138861566,1
83.53872374165412,57.31869960811245,1
68.85460154747382,68.37672111457657,0
82.37816311973462,53.40861546927468,1
54.05572341205633,51.29059534747435,1
64.00624977046228,56.758314457741136,1
70.05243699718183,98.15575557945868,1
70.46980593764742,77.47647679475085,1
65.49934528520757,98.291108057661,1
76.22849932347499,71.62489391650661,0
59.32379570617405,65.59080665426298,1
68.57620514978707,75.3070931420122,1
71.20295631711899,71.9755844316455,1
75.14438834058748,55.2832342130872,0
77.11614878088889,82.0413157345103,1
58.75357908162131,60.80190912547998,1
54.65885829264378,80.97939774489149,1
82.7767682189851,82.51005461990766,1
73.32314011979592,57.601242656432404,1
62.51513463443446,53.06748135553341,1
85.51151975522524,89.038079303422,1
71.15674634292859,72.99002118846602,1
81.79297184063826,52.90818977527379,1
70.67518481410109,99.74331585848836,1
90.60747924881987,52.88902804981833,1
87.55340842443204,84.75176144292766,0
67.51035851520926,99.18394626317068,0
79.71570950954356,61.95900521079628,1
76.45375949585147,57.11246843435981,0
83.68631557532349,56.069246971121444,1
60.35076539419896,65.16375737837978,1
76.8605145999844,55.052290550532334,1
80.58424486849587,84.60806708470659,1
52.41260513576886,53.114589906503134,1
58.16741487334225,75.47110640748949,1
49.607678222398995,99.83484269264883,1
67.30593165555442,90.69851347530094,1
77.17542255795962,80.76097191155054,1
85.02357052096028,65.31268103933058,1
70.74094780419775,81.19479181458192,1
86.28615545571292,76.35207319558258,1
56.198985417851084,71.30416919451858,0
52.96617560644845,56.535518837009974,0
69.44452301103381,94.33021076202334,1
73.84065448939307,72.48923244106612,0
69.67305251905907,59.73112559103825,1
49.325578999601234,68.38796754386448,0
69.10879960487212,70.70648762644635,1
56.95530499495147,91.37689477834371,1
76.69672548830039,86.6807190280701,1
73.66598246096848,88.46524468206698,1
60.60120213672645,50.55156322143236,1
64.86133082663306,70.80769990898807,1
59.40786478111048,74.06720758176618,1
69.37320902726829,50.95961384115284,1
79.55142320501238,62.99066043725171,1
60.14273953664456,88.01449115610674,0
75.04046515517844,56.855485286449955,1
64.69742381627559,76.76550657262959,1
62.07127167737656,60.76009360086188,1
68.92969640045442,50.60603873219466,1
59.64757677580626,62.06007287997707,1
64.46350694652818,98.7936877455027,0
58.021221074111516,90.07685559414948,1
89.6472513291639,97.97883221605167,1
70.35263551971728,74.39270219631813,0
63.00274492007414,55.48680993387518,1
72.13979910734221,77.39797444868465,1
68.8767195030917,72.71886672799805,1
67.79030400466777,92.2178541369808,1
76.14166700043425,54.90412903921223,1
77.57507710047305,74.4120568510889,1
64.69498852389472,57.50243323469921,1
64.2418175935532,66.23379634450299,0
67.24948302848355,86.86785386938999,1
46.980788352644154,73.80090646843833,1
54.84808937801448,68.79441425728847,1
83.66874267444524,69.72381392850177,1
86.44967713501283,72.97233842029934,1
67.50963960443622,89.25082719185284,1
75.76556963055766,94.60423444701172,0
73.11250154543536,97.76673432519641,1
100.0,89.34516931276475,1
81.19574911434577,65.77034478740063,1
68.72082408519233,84.4067353043271,1
60.44459559399574,71.8801562027696,1
53.93553679742428,62.73353110230256,1
72.03463635867223,92.04357897129613,1
62.436492547156966,51.92131744811625,1
55.77746290402326,95.08809960677118,0
63.534271157574736,73.0738732312367,0
59.18451996385605,81.86007384041402,1
86.87141635072564,82.96769611028913,0
78.81639756949451,94.75588703532682,1
69.92027358683383,81.83348410836037,0
84.79944138890026,80.69667923800309,1
70.77368307647619,53.3326020280345,0
61.38715798671736,75.9204010972602,0
85.23124077269657,57.50845004085208,1
75.38910043684659,86.87168843607428,0
59.62753845673544,75.61109604063373,1
68.09661321916391,84.01138896041766,1
61.24381746615243,52.083645030119214,1
56.172002690356635,54.23960080229016,1
79.26177547531641,85.81616940313411,1
89.0941664047013,53.60421679993367,1
56.01432426180859,53.56283638826293,0
75.62969236690572,50.605423761744376,1
63.49357430878173,97.82506991497401,1
65.12874616235304,86.87541797295034,0
64.07606075761132,67.66257042510321,0
61.36009230320184,64.82677906438276,0
70.48521627944827,67.48516148729247,1
61.69049883588962,88.73267655905909,0
72.70456825779839,83.06853055352072,1
69.49761890550863,59.259778393373395,1
67.6105195313359,58.70546676670422,1
60.92436337958402,54.91978248566986,1
64.23228669431667,83.0151359850669,1
77.55391225825755,88.2186331110868,1
75.00917187624381,63.2523214162502,1
60.22444755201449,51.047248051545644,1
70.99332305429226,54.10858337382137,1
77.5138712337179,98.39300174225153,1
53.305947188786284,64.77223887387102,1
75.43360192379934,88.46115739190668,1
63.37376241054153,81.23317844271318,1
75.70598668593159,69.09698198264479,1
62.367408434574834,60.28436310977776,0
51.95117899335481,56.06932090797032,1
53.72457562116837,80.75064840194332,1
70.48084946661382,88.7316890318894,1
72.59722501721483,82.19521267705653,1
60.956833748955916,76.51510666245792,0
76.38592458777374,52.097561171581816,1
53.3847993773104,98.42443887971919,1
69.33920201352683,89.93570958272872,1
57.889838002375434,64.64110183504823,1
63.48163892197841,98.99851646794252,1
70.47398671316414,80.09407948181611,1
61.39586634716048,79.12113291036232,1
66.15444455770175,87.4036589714766,1
80.0629280921444,90.58848940450687,1
64.23108130476851,82.82393036657513,0
78.35692112065142,56.40478731831,0
58.702931453423815,66.91337529972492,1
75.29804177915283,96.40418201630249,1
84.41568620657901,61.230780592192595,1
45.283554998727105,68.60835119187567,1
62.03104744529523,71.6038441472098,1
75.7707212718054,71.97024948472261,0
67.96954613957007,80.64697912472627,0
73.71145873371309,97.15379188723537,1
63.960148132841795,62.034635591625246,1
70.865897874729,56.0750688150459,1
68.44322764607921,59.873524492996864,1
81.67782061659807,94.34624501046348,1
72.54420843301213,82.2905406327603,1
73.37602662075201,64.29533946195801,1
65.88123033877532,90.79734694843086,1
65.12393775927507,93.0684998181718,1
65.6744181218038,92.3257169345139,0
73.94452142378297,95.94632668197772,1
65.79015519179737,62.612051008668075,1
72.89774856896413,87.75209643731392,1
90.75400798645438,73.026974863707,1
78.71124703431693,92.09992764450308,1
66.73976467832159,86.42453385808065,1
82.01213922163944,88.82237232498623,0
65.91924626978448,82.80809188405357,1
49.61875464822146,58.87143847348534,0
59.91913689082596,77.25134594484692,1
51.29208078974145,99.23348697622541,1
66.48486515958692,96.86940332485594,1
70.18418379189552,52.158686789850584,1
86.76437312275283,58.24074078647186,1
73.26927373764163,56.58643867272809,1
67.80899471191135,86.29899549926478,1
78.2940558118349,90.88926649284726,0
47.88864690992115,60.675568315533596,0
72.35614558108566,75.29263464759146,0
77.70865193886966,92.03515140056,1
55.214137542201584,86.64007723831253,1
81.43754043206928,77.11186027459242,1
73.38496407494414,79.51738452293864,1
65.84712086099199,75.418027345814,1
76.32781866106285,64.87742256594103,1
92.70692857804396,78.2510996429508,1
71.81866255058495,84.44426510250453,1
72.48220586300336,93.66614579304039,0
65.40639100459757,81.8145676989624,1
61.50155630535208,88.0560768521579,1
78.30335816544246,58.003581747728646,1
61.43916174091133,73.07787372098949,0
70.71566237219392,50.46658099135467,1
65.22342553234883,62.33394322608115,1
74.78979825746391,86.32308575565024,0
73.33662105286949,99.59049756746816,0
80.375399442579,54.958904979360796,1
64.89983601145254,70.07471579306441,1
67.30125064706628,90.00354843495798,1
60.21236284217693,60.20178173144494,1
65.55706739923889,77.7542474651143,1
73.77300493044852,86.65356480148374,0
77.56988616645351,80.79927251300896,1
60.77834675822375,59.401236730770805,1
78.6960592010566,67.76922843428697,1
83.55637858804951,89.18958922426987,1
74.13434903223701,77.71132570660083,1
88.76795812558066,50.261480677145634,1
62.26210800896427,88.0495380014047,1
57.55345296688583,51.76556774701196,1
52.212797510957216,87.2866891365616,1
84.96044311489183,60.124028008261874,1
76.54365656354058,97.90367400596901,0
69.44415329089544,68.39703756510423,1
72.7996862631982,66.34658081690395,1
58.74510952701623,57.44440251662223,1
94.45751979616827,65.28021077451075,1
71.29221181975228,93.83253809141003,1
71.09394794604893,99.81671688136237,1
77.25766623898691,68.41547652534241,0
74.81009231736714,72.43053154772713,1
72.23884024279131,86.10354691013686,1
62.09525544554688,94.30978902325373,1
74.71468357135996,79.6522167093392,0
88.82024496475034,69.57628490889147,1
83.45420046154977,70.63109204243119,1
85.93186626639397,84.78090732484034,1
64.88784323568815,50.16091318021393,1
60.10395179741419,80.97946687299203,0
68.74213079900352,67.77465052206787,1
70.55724912288694,89.7098665638542,1
80.94191518470949,54.64953199115661,0
53.07535370285181,79.41011334741953,0
85.29550319460614,74.04864449430619,0
68.4199210142101,82.11627629526137,1
65.7311893005258,53.24267972414842,1
59.87895624739832,78.99918937140657,1
53.451433281342304,78.07422939797618,1
78.23170583961914,78.03300472080855,1
70.73317967188405,80.17438332982275,1
57.10039100258946,83.82339686131812,1
57.04921227936384,90.24944998403848,1
66.64215300709871,63.49103600641072,1
86.69021525289392,91.2524705090031,1
67.40408648636395,74.91278411317268,0
54.96857046881894,53.852913956716556,1
67.54256935914056,52.92754646219896,1
67.2727643025233,66.71191593480305,1
43.03113357058429,89.24484885557338,1
69.45705133482188,85.3840467370458,1
67.69065469791322,89.43074823362032,1
76.96206364813418,75.86345282208046,1
88.48956094945345,72.00994989777453,1
81.26565029547757,57.372626335314195,1
67.3111130944517,66.40963768046558,1
58.934740912583294,71.70096830869376,0
95.7335980324986,54.43002148398086,0
70.59218434014488,61.03059763556056,1
70.13929291912946,79.91126470318694,1
69.75874912889996,86.7831557119595,1
71.98084760767856,99.91737556964748,0
68.55639588076058,96.65566656717789,1
64.26337993119763,82.12825997675958,1
64.53141058759608,71.0624026647036,0
69.67246729784002,81.80886823541164,1
64.56575228866235,89.2825809040116,0
62.871542173228356,55.91680954616937,1
71.06430227691897,70.4952444848144,1
67.45022782579144,91.99011428178086,1
85.0399298858269,69.1916475966522,0
43.49030191606988,78.59361356135932,0
80.91506851922462,79.38846804310991,1
82.4608519249763,59.22381265668197,1
49.2660976759185,68.11177208261442,1
66.57312405919652,66.72556443709661,0
66.28559134004209,51.30983542660324,1
55.924883052821784,51.209588194567765,1
62.22183312409125,91.58485218378868,1
58.894241545341714,63.65354049864062,1
87.52270443423623,75.90393831194078,1
79.35678393147461,64.93627867943866,1
82.71555094994159,97.03396225576702,1
77.21672064043236,62.964837943288686,0
58.70948228782771,71.48284063694675,1
64.75479733720226,93.63651252423008,1
74.89374561227918,92.09667833959043,0
57.778721911080545,59.305070892313864,1
77.12998430172388,90.13216548978552,1
67.59674601841866,72.90934433689463,1
66.25179192450402,74.14844360426775,0
77.10959968203491,56.67399862079719,1
74.4426331148604,54.03007568785623,0
66.3903383418092,86.39696534868827,1
81.59329803364248,74.82305761776499,1
59.189366724001026,71.84253513075898,1
76.15935606944264,86.47541143261984,0
75.93101257968384,88.27564494955548,1
66.9045356068601,57.94540838346768,0
73.26133022242118,80.51125747388207,1
57.488864236146966,56.76770411388428,1
79.240270192069,87.56875430145229,1
68.15097863557011,82.84775781335698,0
64.7727697948096,97.8307310541729,1
80.49009225836889,53.44790081782106,1
62.95656309457241,52.852736057562716,1
55.91538703636441,64.10935373466,0
54.433708264760966,63.0852841867953,1
76.0600995134564,62.348939953599995,1
57.19570647503717,95.31272902605184,1
87.54794181984364,62.477309992475305,1
49.18070592116278,63.59748630643155,1
86.96456368290038,87.96991312089818,0
72.11017467202619,72.486992122527,0
69.03286888129608,88.83552784775907,1
64.5508091319105,53.26830787821926,1
73.9913611435207,74.37855968366921,1
69.62365297575151,51.680680009164135,1
81.03301882016521,53.13266017276773,1
71.1422764866204,95.32187266722055,1
71.50301761461877,56.96226855587976,1
66.36387787786144,76.62103411376086,1
69.43054376278933,70.55478013003533,1
73.0780176889206,67.36716631294213,1
52.89831607343375,94.99166728436361,1
56.518145778942866,51.091169838774476,1
77.43264094022715,83.18948430877946,1
71.70865438127942,98.16972171067752,1
68.1601666364732,78.0084091730921,1
70.18433933065393,96.84112310165459,1
73.47581705361671,52.612893964301186,1
64.60240319690638,70.93966595370807,1
62.216952745976876,63.007889548102554,1
71.95845255097682,86.54104824903649,0
60.21627222384968,99.06485452486234,1
74.08252755714472,62.82650312221239,1
52.9741639576216,82.70873007370372,1
80.29155637325644,59.904881637987,1
74.72597482413043,78.2665127285805,1
72.56029734313876,73.19662433441681,1
79.82690983945514,98.60026648157685,1
86.65474444462576,80.42636363482333,1
80.1437006501813,67.47531860434094,1
51.59125768668355,55.704789244396665,1
57.204230332642986,57.56234143674673,0
63.75181422304321,61.26584649756175,1
70.26091050210833,62.5483330670149,1
75.17659020469122,92.5308028920569,1
62.742561868465344,78.06113941412625,0
71.86766764477078,76.16954556871832,1
62.44617067646678,55.73844359346087,1
63.884821970080516,93.00698466747176,1
55.93338903151778,86.14071516042418,1
60.76766753889096,53.38341809500008,1
56.48315394383666,85.39175486148844,1
60.241267470226674,77.1769108671323,1
80.5364179660784,54.08626728733891,1
60.50601111168057,72.91503207643282,1
96.32382064837391,74.23481435650234,1
74.93317900880889,58.28872700816379,1
71.84836123694873,97.28490735001412,1
61.41642219818787,92.4987685740331,1
77.00309879408991,83.45111686645541,0
64.24362173762226,73.11477805003037,1
71.22009814645361,70.58827707922542,1
95.60084538268795,82.5486733575477,1
69.03940100275351,77.27159347034527,0
81.49273326285676,53.11365529409428,1
62.96823574874112,75.62513243851659,1
69.65011509503039,90.32018086164197,1
87.7080063563551,72.96199387984791,1
63.730329422122324,52.59782887771342,1
88.12448557996929,89.31390996920166,1
77.07751935455475,60.06818910679872,1
64.37533224105732,62.93104174440194,0
76.3240773905552,58.235317671614794,1
79.7255444962673,66.51075324357488,1
76.21809962217196,87.83757528443175,1
54.297752801095434,75.96929297519686,1
62.728628241751316,60.24406370753563,1
67.52481364448495,93.89150390760204,1
69.25566570899954,93.97909274757646,1
76.20672097550678,93.52892125230034,0
71.77701000933254,61.93981056907697,0
56.64655641289899,72.56196720904941,1
73.80197851005963,99.24948280704376,1
76.10585745283824,88.60062381549952,0
75.5979044793104,51.35837106127799,1
80.80780725554622,53.2602295630246,0
78.33922154548904,73.19656884061664,1
74.59180079228437,95.461010293078,1
69.29834288541353,76.93508989763572,1
53.39039066484008,74.89062540171452,1
74.29618219132585,55.27368499783153,1
72.07687687163111,82.8390052362147,1
72.71578837195374,91.10515803001127,1
57.232514241796906,69.02100037537812,1
59.189434595917376,88.78059254626638,1
80.53152853332904,98.22383269504058,0
69.60444846143345,60.188322956384454,1
76.81500697372624,76.16648155973706,0
70.28318376130461,64.35689790422877,1
70.29756139495746,89.64272095169197,1
79.38283805975998,78.87966829405788,0
64.83955271782627,81.72912087751519,1
70.96120776940984,89.8957079807947,1
65.37724711294958,69.79852363312274,1
65.65503772567685,95.75450342035217,1
66.90827876531361,76.65144336230699,1
72.22133771633713,57.8977411417674,0
65.21251378336522,84.79495590844013,1
82.55756125573521,89.66306752191272,1
61.05392697780496,65.83808385337633,1
68.13128355838641,92.85896284993765,1
65.60268941725825,95.30716273828833,1
84.46977884353733,63.84522436889045,1
71.96554776511574,99.1760736357611,1
80.31844539468635,57.03557640243792,1
55.14439626963028,60.1007834201245,1
72.67050265869258,59.21124196190131,1
78.89630795623437,94.69948550039352,1
70.82283989275425,82.7146276162481,1
80.65480375065351,57.60521416111364,0
64.82711549899628,72.01617091841744,1
84.0934744018558,80.76490125349011,1
92.9889812361925,54.173204249469165,1
66.37161439560342,94.12081842036693,1
65.54497478599228,90.18017677207675,1
84.533844771177,75.26033867883191,1
85.79572145730712,98.35633076295852,1
64.77139972846732,70.88804896375498,1
65.79813182904142,99.20551595182489,1
67.18215391139493,83.39599994018135,1
56.555494889657226,81.73356366269707,1
60.81348053515802,58.29774476478925,1
59.95859233247932,94.0963879152322,0
62.32202434895871,71.37448439603077,0
69.65315112613219,58.111670289123964,0
72.3421473253652,50.630375998787954,0
85.50500492814076,77.98778418191912,0
60.016459592612094,76.36998110613382,1
79.84322398476584,85.96768111845793,1
67.86011155774491,94.51290265089011,1
69.50536290347567,53.97032923215148,1
76.74819492166604,86.57482451701811,1
58.772779784377015,59.37059720487911,1
73.82409746184051,92.9088526578582,1
71.66452208213056,90.95317569308281,1
74.92451264008149,77.03968774927722,0
72.89168643907819,85.51213993116558,1
94.55300139910895,65.71750565918742,1
63.62260015748684,73.55839494664073,1
64.69003044998182,91.08184488552358,1
63.76859473575236,72.96325985866069,0
64.44522880839746,67.88991326627209,1
63.62612872693482,74.710622362515,1
81.89016531107552,91.41246262186093,1
84.20504247989855,66.76040236854364,1
64.29253706250523,58.68807965678719,1
61.67644426895771,85.60070101653903,1
74.71415556386404,91.2989106354041,1
64.47776955719029,55.031873926176665,1
76.32931817755511,61.993705637797234,1
72.029230208513,57.09859948804969,0
54.84255885002768,67.39707057910833,1
85.47505201330061,72.51754894527063,0
87.95877673095522,87.44131684816531,1
63.87211309515614,82.5573792440837,1
66.12298440064016,81.04642837392156,1
72.85865390724905,67.61874733048272,1
73.34456789987026,92.072377654238,1
76.5854427267283,73.56435836990823,1
90.1020453876635,98.95524690075773,1
68.2305277250595,81.70710691478683,0
62.01702755461546,56.313237078225136,1
56.20680771985473,83.80887810377169,1
62.69069960058081,66.25520077158495,1
69.66873027126204,84.31635983430488,1
87.94557863517788,53.48205740812028,1
64.82388700963828,58.744071858797966,1
72.23787951638899,92.78686294528931,1
69.83577103927247,61.358977851175744,1
81.88393273448084,91.852056262147,1
95.26932425873622,63.96380442272052,1
64.6913122707968,82.14409550293539,0
65.10560557481777,84.70752867549155,0
80.44160877069072,75.63273765725265,1
76.81891489626311,65.26553383483656,1
88.46707325736034,60.632218818554804,1
75.83928185325964,51.659467728121314,1
66.40707909212941,65.1973200620362,1
75.9065483069231,82.65813952656416,1
81.08703580582907,96.91524092242413,1
78.20482181197364,93.5602241131526,1
75.07274031107298,88.30323882676512,1
80.66674689589154,89.42236716266493,0
81.69295590445672,83.24924517379976,1
83.82158991037527,63.01434287830015,1
76.48709887589642,95.3597515352915,0
68.32881919683146,83.53661559529169,0
71.46713686433323,78.02203154902199,1
82.06508966508358,55.54947346067405,1
61.83064329012764,72.35277719032126,1
73.68673308872901,73.01791356009632,0
66.0666118767264,93.2281804761335,0
70.28744822934817,77.33241100938943,1
82.78451862607298,69.02002744852048,1
71.91099068019903,98.84001642553297,1
70.46436548156149,55.536029666315784,1
56.40143859020081,71.12742141559723,1
77.46253566027221,52.10123375857027,0
76.45484181141076,86.99520603834651,1
91.6325472330546,95.90382760995753,0
66.92221765046999,64.00186647752447,0
72.1915032766394,92.91708383995604,1
72.49383683710755,64.61091152309488,1
85.77453279763475,95.53850808219576,1
69.04704467613048,87.6980951798392,1
72.7902152577034,90.24533884207193,1
76.0789650971654,50.90032778002273,1
71.86609123156359,98.1405178537013,1
65.53566385449471,86.33354960351616,1
71.94089992898307,65.23755476930667,1
80.73631749859771,91.46973324294234,1
59.7348470058894,64.0760599207465,1
71.32969674146877,93.6376919783064,1
62.99879185060827,55.62901952059685,1
81.95046628924842,85.18429887303978,1
54.76813095216225,77.03492383224551,1
64.41078152728412,54.82672350977204,1
73.7721187506452,62.09469141294195,1
85.65524029234341,50.62020181386574,1
69.34249738927012,73.43839827322529,0
64.44800473306802,65.06326303800002,1
88.8115706944059,79.91787421488795,1
55.51986099583756,64.86189038543085,1
48.01194043379918,64.99595557534923,1
74.40014450053333,87.15965993658017,1
64.97945775647389,52.40714179891767,1
59.787671828692865,95.14474975959936,1
77.08356447299353,92.61319371955906,1
72.43800713771199,83.39023416132034,1
64.35921369263272,79.66107850536922,1
57.19695601329106,94.61512490698262,1
78.72457328280144,59.26650897643572,0
76.50201177958661,53.948458109541434,1
69.00824136220618,61.9755084954769,1
88.46636996047665,89.72891393500952,1
59.29915233673847,51.733513336324165,1
54.74474829075261,79.14034175417449,1
63.080919301187556,99.7718758095655,1
69.54413983644503,92.78480469187697,1
72.43339449322691,76.07228445217947,1
67.5876394214367,53.18204546433212,1
73.52055396514297,91.5686757192855,1
57.48460575809556,79.94892540886053,0
84.4376460407326,55.746649852978344,1
69.17848821607431,54.69286424116781,1
81.17295831588127,95.48134097182961,1
73.42725346377703,83.46001314690392,1
74.56753219153784,91.46433996583778,1
75.69767280232205,93.94894501411336,1
74.47708560017315,78.58861760241611,1
76.42722759867544,75.87231758775206,1
83.29152530132431,71.5213705160495,1
71.9652116970147,65.84732938955597,1
77.09003757588512,71.72979804293558,0
69.10264305712774,88.69398278650782,1
84.40117215449473,80.09617155075658,1
63.2360769794073,94.62616449774231,1
88.00940432910815,72.16900071895938,1
69.59842049355656,80.35447893593769,1
55.69224897881952,81.56537765459944,1
71.2810441491079,79.58485811531628,1
63.18948342525119,85.13168865427582,1
78.40643548988724,61.871673418740315,1
63.47376020697609,75.61818887728953,1
65.5381656678522,55.21124014041738,1
51.10459269054469,69.22556638224063,1
65.47693680750923,74.38335343106323,1
45.76120673371044,82.61121297727362,1
54.16097176514277,97.52655262931017,0
77.60414656144297,80.03255332741779,0
77.85800158650832,87.17969580882799,0
74.25457561784965,75.31330297476013,1
60.33023856870787,81.70520156881656,1
69.5228864385802,53.54661080668867,1
69.96397460909432,62.71957904209235,1
58.416353108074574,68.09265466025693,1
85.0339830176715,73.62466775032567,0
78.77362290575671,52.282437275119186,0
67.79035826170336,57.001204877665884,1
70.26885838994531,63.84071538956529,1
72.08382807947552,98.57663454505254,1
49.58265131575709,66.56735035515254,0
67.52822617479403,74.10205290560413,0
63.180157520022014,59.80488563691965,1
59.983799901050844,80.5390035537884,1
67.18899707114045,64.03416077579871,0
87.97686526849523,60.34962892192134,1
76.4084286126701,75.82863142229895,1
64.28821010217203,50.27528995802104,0
75.72582781356158,50.383201632461265,1
